dow,util_pct
Monday,19.309856112280457
Tuesday,19.44614752814659
Wednesday,19.453224264037292
Thursday,19.420084452940994
Friday,19.34067489185564
Saturday,18.92534441625495
Sunday,18.921546846378252
